{
    "epochtime": [
        1757940515,
        1757940515,
        1757940515,
        1757940515,
        1757940516
    ],
    "current": [
        0.03405992724,
        0.03405992724,
        0.03405992724,
        0.03405992724,
        0.03405992724
    ],
    "board": [
        [
            {
                "id": 0,
                "voltages": {
                    "CH0": 3.240557,
                    "CH1": 2.980483,
                    "CH2": 2.058031,
                    "CH3": 0.298336,
                    "CH4": -0.791657,
                    "CH5": -0.893941,
                    "CH6": -0.588588,
                    "CH7": 5.532529,
                    "CH8": 5.379354,
                    "CH9": 1.543681,
                    "CH10": 1.463351,
                    "CH11": 9.324012,
                    "CH12": 4.411896,
                    "CH13": -0.17136,
                    "CH14": 3.083947,
                    "CH15": 2.970234
                },
                "time": 2929154216
            }
        ],
        [
            {
                "id": 0,
                "voltages": {
                    "CH0": 3.243793,
                    "CH1": 2.982362,
                    "CH2": 2.069808,
                    "CH3": 0.307617,
                    "CH4": -0.791891,
                    "CH5": -0.888786,
                    "CH6": -0.593875,
                    "CH7": 5.528065,
                    "CH8": 5.376531,
                    "CH9": 1.544466,
                    "CH10": 1.465348,
                    "CH11": 9.322312,
                    "CH12": 4.423561,
                    "CH13": -0.162106,
                    "CH14": 3.082107,
                    "CH15": 2.969407
                },
                "time": 2929154384
            }
        ],
        [
            {
                "id": 0,
                "voltages": {
                    "CH0": 3.246598,
                    "CH1": 2.979036,
                    "CH2": 2.060394,
                    "CH3": 0.298887,
                    "CH4": -0.791335,
                    "CH5": -0.901408,
                    "CH6": -0.593658,
                    "CH7": 5.531922,
                    "CH8": 5.38653,
                    "CH9": 1.541656,
                    "CH10": 1.467062,
                    "CH11": 9.32648,
                    "CH12": 4.413702,
                    "CH13": -0.16815,
                    "CH14": 3.084985,
                    "CH15": 2.968854
                },
                "time": 2929154594
            }
        ],
        [
            {
                "id": 0,
                "voltages": {
                    "CH0": 3.249315,
                    "CH1": 2.98349,
                    "CH2": 2.076227,
                    "CH3": 0.303097,
                    "CH4": -0.792715,
                    "CH5": -0.895597,
                    "CH6": -0.590596,
                    "CH7": 5.525848,
                    "CH8": 5.379735,
                    "CH9": 1.546863,
                    "CH10": 1.464024,
                    "CH11": 9.327567,
                    "CH12": 4.423044,
                    "CH13": -0.167517,
                    "CH14": 3.080028,
                    "CH15": 2.968848
                },
                "time": 2929154804
            }
        ],
        [
            {
                "id": 0,
                "voltages": {
                    "CH0": 3.24238,
                    "CH1": 2.975739,
                    "CH2": 2.068452,
                    "CH3": 0.297887,
                    "CH4": -0.794601,
                    "CH5": -0.899745,
                    "CH6": -0.587607,
                    "CH7": 5.535758,
                    "CH8": 5.378808,
                    "CH9": 1.544034,
                    "CH10": 1.463779,
                    "CH11": 9.324496,
                    "CH12": 4.408724,
                    "CH13": -0.166015,
                    "CH14": 3.083296,
                    "CH15": 2.970694
                },
                "time": 2929155014
            }
        ]
    ]
}