{
    "epochtime": [
        1758545758,
        1758545759,
        1758545760,
        1758545761,
        1758545762,
        1758545763,
        1758545764,
        1758545765,
        1758545766,
        1758545767
    ],
    "current": [
        -0.00016739023554,
        -0.00016718056538000001,
        -0.00016718056538000001,
        -0.00016718056538000001,
        -0.00016718056538000001,
        -0.00016718056538000001,
        -0.00016545084086000002,
        -0.00016545084086000002,
        -0.00016545084086000002,
        -0.00016545084086000002
    ],
    "board": [
        [
            {
                "id": 0,
                "voltages": {
                    "CH0": 0.063807,
                    "CH1": -0.133712,
                    "CH2": -0.025777,
                    "CH3": 0.101202,
                    "CH4": -0.312775,
                    "CH5": -0.235014,
                    "CH6": -0.263702,
                    "CH7": 0.003566,
                    "CH8": -0.165401,
                    "CH9": 0.04284,
                    "CH10": -0.045194,
                    "CH11": -0.111209,
                    "CH12": 0.134343,
                    "CH13": -0.074871,
                    "CH14": -0.035035,
                    "CH15": -0.126781
                },
                "time": 3534391730
            }
        ],
        [
            {
                "id": 0,
                "voltages": {
                    "CH0": 0.05802,
                    "CH1": -0.144754,
                    "CH2": -0.019586,
                    "CH3": 0.102499,
                    "CH4": -0.318499,
                    "CH5": -0.237734,
                    "CH6": -0.265163,
                    "CH7": 0.005725,
                    "CH8": -0.164796,
                    "CH9": 0.039488,
                    "CH10": -0.044346,
                    "CH11": -0.110249,
                    "CH12": 0.135475,
                    "CH13": -0.072599,
                    "CH14": -0.033976,
                    "CH15": -0.128748
                },
                "time": 3534392738
            }
        ],
        [
            {
                "id": 0,
                "voltages": {
                    "CH0": 0.052908,
                    "CH1": -0.139593,
                    "CH2": -0.033656,
                    "CH3": 0.10149,
                    "CH4": -0.318112,
                    "CH5": -0.238064,
                    "CH6": -0.265524,
                    "CH7": 0.00717,
                    "CH8": -0.157826,
                    "CH9": 0.038302,
                    "CH10": -0.048875,
                    "CH11": -0.110784,
                    "CH12": 0.134439,
                    "CH13": -0.0767,
                    "CH14": -0.030337,
                    "CH15": -0.125684
                },
                "time": 3534393746
            }
        ],
        [
            {
                "id": 0,
                "voltages": {
                    "CH0": 0.061396,
                    "CH1": -0.136851,
                    "CH2": -0.02285,
                    "CH3": 0.101277,
                    "CH4": -0.313953,
                    "CH5": -0.233518,
                    "CH6": -0.262376,
                    "CH7": 0.002154,
                    "CH8": -0.156843,
                    "CH9": 0.042949,
                    "CH10": -0.048677,
                    "CH11": -0.116149,
                    "CH12": 0.135738,
                    "CH13": -0.074062,
                    "CH14": -0.033516,
                    "CH15": -0.124282
                },
                "time": 3534394712
            }
        ],
        [
            {
                "id": 0,
                "voltages": {
                    "CH0": 0.053214,
                    "CH1": -0.147675,
                    "CH2": -0.021413,
                    "CH3": 0.105618,
                    "CH4": -0.312777,
                    "CH5": -0.237212,
                    "CH6": -0.263575,
                    "CH7": 0.00705,
                    "CH8": -0.164602,
                    "CH9": 0.040268,
                    "CH10": -0.050249,
                    "CH11": -0.110708,
                    "CH12": 0.136537,
                    "CH13": -0.069278,
                    "CH14": -0.031069,
                    "CH15": -0.126733
                },
                "time": 3534395720
            }
        ],
        [
            {
                "id": 0,
                "voltages": {
                    "CH0": 0.054569,
                    "CH1": -0.137178,
                    "CH2": -0.033303,
                    "CH3": 0.102354,
                    "CH4": -0.314992,
                    "CH5": -0.238871,
                    "CH6": -0.264246,
                    "CH7": 0.01304,
                    "CH8": -0.160471,
                    "CH9": 0.041445,
                    "CH10": -0.047669,
                    "CH11": -0.110028,
                    "CH12": 0.136043,
                    "CH13": -0.06998,
                    "CH14": -0.03406,
                    "CH15": -0.123659
                },
                "time": 3534396728
            }
        ],
        [
            {
                "id": 0,
                "voltages": {
                    "CH0": 0.055374,
                    "CH1": -0.136331,
                    "CH2": -0.021212,
                    "CH3": 0.10553,
                    "CH4": -0.314348,
                    "CH5": -0.236081,
                    "CH6": -0.263323,
                    "CH7": 0.009363,
                    "CH8": -0.162944,
                    "CH9": 0.03659,
                    "CH10": -0.049041,
                    "CH11": -0.106552,
                    "CH12": 0.131806,
                    "CH13": -0.06609,
                    "CH14": -0.034636,
                    "CH15": -0.123396
                },
                "time": 3534397736
            }
        ],
        [
            {
                "id": 0,
                "voltages": {
                    "CH0": 0.053391,
                    "CH1": -0.144233,
                    "CH2": -0.020622,
                    "CH3": 0.097095,
                    "CH4": -0.314902,
                    "CH5": -0.236635,
                    "CH6": -0.269701,
                    "CH7": 0.005237,
                    "CH8": -0.155912,
                    "CH9": 0.036982,
                    "CH10": -0.045735,
                    "CH11": -0.110801,
                    "CH12": 0.134123,
                    "CH13": -0.066367,
                    "CH14": -0.030347,
                    "CH15": -0.129141
                },
                "time": 3534398744
            }
        ],
        [
            {
                "id": 0,
                "voltages": {
                    "CH0": 0.054631,
                    "CH1": -0.142742,
                    "CH2": -0.033143,
                    "CH3": 0.098727,
                    "CH4": -0.315588,
                    "CH5": -0.236737,
                    "CH6": -0.265927,
                    "CH7": 0.01424,
                    "CH8": -0.157786,
                    "CH9": 0.035999,
                    "CH10": -0.042797,
                    "CH11": -0.11058,
                    "CH12": 0.130148,
                    "CH13": -0.06778,
                    "CH14": -0.031858,
                    "CH15": -0.12314
                },
                "time": 3534399752
            }
        ],
        [
            {
                "id": 0,
                "voltages": {
                    "CH0": 0.055223,
                    "CH1": -0.136504,
                    "CH2": -0.019045,
                    "CH3": 0.108473,
                    "CH4": -0.309548,
                    "CH5": -0.235209,
                    "CH6": -0.265821,
                    "CH7": 0.008815,
                    "CH8": -0.160523,
                    "CH9": 0.037573,
                    "CH10": -0.048836,
                    "CH11": -0.108002,