{"time": [1734434194, 1734434195, 1734434196, 1734434197, 1734434198, 1734434199, 1734434200, 1734434201, 1734434202, 1734434203, 1734434204, 1734434205, 1734434206, 1734434207, 1734434208, 1734434209, 1734434210, 1734434211, 1734434212, 1734434213, 1734434214, 1734434215, 1734434216, 1734434217, 1734434218, 1734434219, 1734434220, 1734434221, 1734434222, 1734434223, 1734434224, 1734434225, 1734434226, 1734434227, 1734434228, 1734434229, 1734434230, 1734434231, 1734434232, 1734434233, 1734434234, 1734434235, 1734434236, 1734434237, 1734434238, 1734434239, 1734434240, 1734434241, 1734434242, 1734434243, 1734434244], "board": [[{"id": 0, "voltages": {"CH0": 0.006905, "CH1": 0.029493, "CH2": 0.00181, "CH3": 0.01798, "CH4": 0.011047, "CH5": 0.020605, "CH6": 0.010534, "CH7": 0.013822, "CH8": -0.002355, "CH9": -0.000294, "CH10": 0.001571, "CH11": 6.3e-05, "CH12": -0.007343, "CH13": 0.007752, "CH14": -0.002569, "CH15": 0.009623}}], [{"id": 0, "voltages": {"CH0": 0.006905, "CH1": 0.029493, "CH2": 0.00181, "CH3": 0.01798, "CH4": 0.011047, "CH5": 0.020605, "CH6": 0.010534, "CH7": 0.013822, "CH8": -0.002355, "CH9": -0.000294, "CH10": 0.001571, "CH11": 6.3e-05, "CH12": -0.007343, "CH13": 0.007752, "CH14": -0.002569, "CH15": 0.009623}}], [{"id": 0, "voltages": {"CH0": 0.005035, "CH1": 0.033763, "CH2": -0.000992, "CH3": 0.016599, "CH4": 0.009046, "CH5": 0.02136, "CH6": 0.008545, "CH7": 0.015279, "CH8": 0.000685, "CH9": 1e-05, "CH10": -0.000932, "CH11": 0.000127, "CH12": -0.004818, "CH13": 0.00851, "CH14": -0.002524, "CH15": 0.010588}}], [{"id": 0, "voltages": {"CH0": 0.005035, "CH1": 0.033763, "CH2": -0.000992, "CH3": 0.016599, "CH4": 0.009046, "CH5": 0.02136, "CH6": 0.008545, "CH7": 0.015279, "CH8": 0.000685, "CH9": 1e-05, "CH10": -0.000932, "CH11": 0.000127, "CH12": -0.004818, "CH13": 0.00851, "CH14": -0.002524, "CH15": 0.010588}}], [{"id": 0, "voltages": {"CH0": 0.005859, "CH1": 0.029533, "CH2": 0.001674, "CH3": 0.01449, "CH4": 0.012065, "CH5": 0.022496, "CH6": 0.006726, "CH7": 0.014989, "CH8": -0.002528, "CH9": -0.000988, "CH10": 0.002638, "CH11": 0.004502, "CH12": -0.006174, "CH13": 0.008157, "CH14": -0.003377, "CH15": 0.010078}}], [{"id": 0, "voltages": {"CH0": 0.005859, "CH1": 0.029533, "CH2": 0.001674, "CH3": 0.01449, "CH4": 0.012065, "CH5": 0.022496, "CH6": 0.006726, "CH7": 0.014989, "CH8": -0.002528, "CH9": -0.000988, "CH10": 0.002638, "CH11": 0.004502, "CH12": -0.006174, "CH13": 0.008157, "CH14": -0.003377, "CH15": 0.010078}}], [{"id": 0, "voltages": {"CH0": 0.005859, "CH1": 0.029533, "CH2": 0.001674, "CH3": 0.01449, "CH4": 0.006486, "CH5": 0.022822, "CH6": 0.007435, "CH7": 0.01615, "CH8": 0.00062, "CH9": 0.001023, "CH10": 0.001259, "CH11": 0.00375, "CH12": -0.009811, "CH13": 0.011828, "CH14": -0.002138, "CH15": 0.011415}}], [{"id": 0, "voltages": {"CH0": 0.006804, "CH1": 0.029133, "CH2": 0.006101, "CH3": 0.014971, "CH4": 0.006486, "CH5": 0.022822, "CH6": 0.007435, "CH7": 0.01615, "CH8": 0.00062, "CH9": 0.001023, "CH10": 0.001259, "CH11": 0.00375, "CH12": -0.009811, "CH13": 0.011828, "CH14": -0.002138, "CH15": 0.011415}}], [{"id": 0, "voltages": {"CH0": 0.006804, "CH1": 0.029133, "CH2": 0.006101, "CH3": 0.014971, "CH4": 0.006486, "CH5": 0.022822, "CH6": 0.007435, "CH7": 0.01615, "CH8": 0.00062, "CH9": 0.001023, "CH10": 0.001259, "CH11": 0.00375, "CH12": -0.009811, "CH13": 0.011828, "CH14": -0.002138, "CH15": 0.011415}}], [{"id": 0, "voltages": {"CH0": 0.006539, "CH1": 0.026429, "CH2": 0.005373, "CH3": 0.01623, "CH4": 0.009371, "CH5": 0.021423, "CH6": 0.010619, "CH7": 0.014942, "CH8": 0.002964, "CH9": 0.003198, "CH10": 0.003718, "CH11": 0.002922, "CH12": -0.010365, "CH13": 0.009392, "CH14": -0.001156, "CH15": 0.006999}}], [{"id": 0, "voltages": {"CH0": 0.006539, "CH1": 0.026429, "CH2": 0.005373, "CH3": 0.01623, "CH4": 0.009371, "CH5": 0.021423, "CH6": 0.010619, "CH7": 0.014942, "CH8": 0.002964, "CH9": 0.003198, "CH10": 0.003718, "CH11": 0.002922, "CH12": -0.010365, "CH13": 0.009392, "CH14": -0.001156, "CH15": 0.006999}}], [{"id": 0, "voltages": {"CH0": 0.009912, "CH1": 0.032973, "CH2": -0.000733, "CH3": 0.015875, "CH4": 0.009163, "CH5": 0.022399, "CH6": 0.010191, "CH7": 0.014973, "CH8": 0.002193, "CH9": 0.003133, "CH10": 0.004259, "CH11": 0.004407, "CH12": -0.008126, "CH13": 0.006606, "CH14": -0.004415, "CH15": 0.006932}}], [{"id": 0, "voltages": {"CH0": 0.009912, "CH1": 0.032973, "CH2": -0.000733, "CH3": 0.015875, "CH4": 0.009163, "CH5": 0.022399, "CH6": 0.010191, "CH7": 0.014973, "CH8": 0.002193, "CH9": 0.003133, "CH10": 0.004259, "CH11": 0.004407, "CH12": -0.008126, "CH13": 0.006606, "CH14": -0.004415, "CH15": 0.006932}}], [{"id": 0, "voltages": {"CH0": 0.009912, "CH1": 0.032973, "CH2": -0.000733, "CH3": 0.015875, "CH4": 0.009163, "CH5": 0.022399, "CH6": 0.010191, "CH7": 0.014973, "CH8": 0.002193, "CH9": 0.003133, "CH10": 0.004259, "CH11": 0.004407, "CH12": -0.008126, "CH13": 0.006606, "CH14": -0.004415, "CH15": 0.006932}}], [{"id": 0, "voltages": {"CH0": 0.005515, "CH1": 0.028672, "CH2": 0.007045, "CH3": 0.015548, "CH4": 0.011069, "CH5": 0.023364, "CH6": 0.010311, "CH7": 0.015127, "CH8": -0.000591, "CH9": 0.00362, "CH10": 0.002235, "CH11": 0.00136, "CH12": -0.00929, "CH13": 0.00591, "CH14": -0.003045, "CH15": 0.00896}}], [{"id": 0, "voltages": {"CH0": 0.005515, "CH1": 0.028672, "CH2": 0.007045, "CH3": 0.015548, "CH4": 0.011069, "CH5": 0.023364, "CH6": 0.010311, "CH7": 0.015127, "CH8": -0.000591, "CH9": 0.00362, "CH10": 0.002235, "CH11": 0.00136, "CH12": -0.00929, "CH13": 0.00591, "CH14": -0.003045, "CH15": 0.00896}}], [{"id": 0, "voltages": {"CH0": 0.009087, "CH1": 0.027718, "CH2": 0.002989, "CH3": 0.017609, "CH4": 0.008304, "CH5": 0.022461, "CH6": 0.009377, "CH7": 0.012284, "CH8": -0.00028, "CH9": 0.001182, "CH10": 0.002695, "CH11": 0.003293, "CH12": -0.00912, "CH13": 0.004654, "CH14": -0.001728, "CH15": 0.005645}}], [{"id": 0, "voltages": {"CH0": 0.009087, "CH1": 0.027718, "CH2": 0.002989, "CH3": 0.017609, "CH4": 0.008304, "CH5": 0.022461, "CH6": 0.009377, "CH7": 0.012284, "CH8": -0.00028, "CH9": 0.001182, "CH10": 0.002695, "CH11": 0.003293, "CH12": -0.00912, "CH13": 0.004654, "CH14": -0.001728, "CH15": 0.005645}}], [{"id": 0, "voltages": {"CH0": 0.009087, "CH1": 0.027718, "CH2": 0.002989, "CH3": 0.017609, "CH4": 0.008304, "CH5": 0.022461, "CH6": 0.009377, "CH7": 0.012284, "CH8": -0.00028, "CH9": 0.001182, "CH10": 0.002695, "CH11": 0.003293, "CH12": -0.00912, "CH13": 0.004654, "CH14": -0.001728, "CH15": 0.005645}}], [{"id": 0, "voltages": {"CH0": 0.007726, "CH1": 0.029131, "CH2": 0.002687, "CH3": 0.014387, "CH4": 0.012219, "CH5": 0.021785, "CH6": 0.009282, "CH7": 0.013277, "CH8": -0.001703, "CH9": 0.001461, "CH10": 0.001387, "CH11": 0.004476, "CH12": -0.005762, "CH13": 0.007526, "CH14": 0.000772, "CH15": 0.009804}}], [{"id": 0, "voltages": {"CH0": 0.007726, "CH1": 0.029131, "CH2": 0.002687, "CH3": 0.014387, "CH4": 0.012219, "CH5": 0.021785, "CH6": 0.009282, "CH7": 0.013277, "CH8": -0.001703, "CH9": 0.001461, "CH10": 0.001387, "CH11": 0.004476, "CH12": -0.005762, "CH13": 0.007526, "CH14": 0.000772, "CH15": 0.009804}}], [{"id": 0, "voltages": {"CH0": 0.008553, "CH1": 0.026938, "CH2": 0.004132, "CH3": 0.015013, "CH4": 0.012249, "CH5": 0.022315, "CH6": 0.008326, "CH7": 0.013121, "CH8": 0.003234, "CH9": 0.003211, "CH10": 0.004723, "CH11": 0.003226, "CH12": -0.010955, "CH13": 0.010113, "CH14": 0.000486, "CH15": 0.006535}}], [{"id": 0, "voltages": {"CH0": 0.008553, "CH1": 0.026938, "CH2": 0.004132, "CH3": 0.015013, "CH4": 0.012249, "CH5": 0.022315, "CH6": 0.008326, "CH7": 0.013121, "CH8": 0.003234, "CH9": 0.003211, "CH10": 0.004723, "CH11": 0.003226, "CH12": -0.010955, "CH13": 0.010113, "CH14": 0.000486, "CH15": 0.006535}}], [{"id": 0, "voltages": {"CH0": 0.008553, "CH1": 0.026938, "CH2": 0.004132, "CH3": 0.015013, "CH4": 0.012249, "CH5": 0.022315, "CH6": 0.008326, "CH7": 0.013121, "CH8": 0.003234, "CH9": 0.003211, "CH10": 0.004723, "CH11": 0.003226, "CH12": -0.010955, "CH13": 0.010113, "CH14": 0.000486, "CH15": 0.006535}}], [{"id": 0,